{
    "music_volume": 1.2833333333333332,
    "effects_volume": 1.3354166666666665,
    "button_up": 119,
    "button_down": 115,
    "button_left": 97,
    "button_right": 100,
    "button_function_1": 113,
    "button_function_2": 101
}