{
    "music_volume": 1.0538888888888889,
    "effects_volume": 0.9393055555555556,
    "danger_blinking": true,
    "button_up": 119,
    "button_down": 115,
    "button_left": 97,
    "button_right": 100,
    "button_function_1": 113,
    "button_function_2": 101
}