{
    "music_volume": 0.5298611111111108,
    "effects_volume": 0.44305555555555515,
    "button_up": 119,
    "button_down": 115,
    "button_left": 97,
    "button_right": 100,
    "button_function_1": 113,
    "button_function_2": 101
}