{
    "music_volume": 3.9592592592592597,
    "effects_volume": 3.144444444444445,
    "button_up": 119,
    "button_down": 115,
    "button_left": 97,
    "button_right": 100,
    "button_function_1": 113,
    "button_function_2": 101
}